response,query,search_query,search_results,fetch_query,fetch_results
Au,What is the chemical symbol for gold?,chemical symbol for gold,"[""Gold"", ""Chemical symbol"", ""Periodic table""]",Gold,"{""title"":""Gold"",""summary"":""Gold is a chemical element with the symbol Au. It is a shiny yellow metal.""}"
The cheetah,What is the fastest land animal?,fastest land animal,"[""Fastest animals"", ""Animal speed"", ""Land animals""]",Fastest animals,"{""title"":""Cheetah"",""summary"":""The cheetah is the fastest land animal. It can run very fast for short distances.""}"
The Pacific Ocean,What is the largest ocean on Earth?,largest ocean on Earth,"[""Largest ocean"", ""Ocean"", ""List of oceans""]",Largest ocean,"{""title"":""Largest ocean"",""summary"":""The Pacific Ocean is the largest ocean on Earth. It is bigger than all the other oceans.""}"
Empirical risk minimization over a hypothesis space via gradient-based optimization.,What is machine learning?,machine learning,"[\""Machine learning\"", \""Empirical risk minimization\"", \""Gradient descent\"", \""Statistical learning theory\""]",Machine learning,"{""title"":""Machine learning"",""summary"":""Machine learning can be described as empirical risk minimization over a hypothesis space, where a model is selected by minimizing a loss function on observed training data. In many modern systems, this optimization is performed with gradient-based methods such as gradient descent.""}"
6 sides,How many sides does a hexagon have?,hexagon sides,"[""Hexagon"", ""Polygon"", ""Regular polygon""]",Hexagon,"{""title"":""Hexagon"",""summary"":""A hexagon is a polygon with 6 sides. It also has 6 corners.""}"
A continuous double auction where prices emerge from stochastic order flow under the efficient market hypothesis.,How does the stock market work?,stock market,"[""Stock market"", ""Stock exchange"", ""Efficient-market hypothesis"", ""Auction theory""]",Stock market,"{""title"":""Stock market"",""summary"":""A stock market is a place where buyers and sellers trade shares of companies. Stock exchanges use systems where buyers place bids and sellers place offers, and trades happen when prices match. Prices change as new buy and sell orders arrive and as people react to information, company performance, and expectations about the future.""}"
206 bones,How many bones are in the adult human body?,adult human body bones,"[""Human skeleton"", ""Bone"", ""List of bones of the human skeleton""]",Human skeleton,"{""title"":""Human skeleton"",""summary"":""The adult human body usually has 206 bones. These bones support the body and help people move.""}"
Canberra,What is the capital of Australia?,capital of Australia,"[""Canberra"", ""Australia"", ""List of capitals in Australia""]",Canberra,"{""title"":""Canberra"",""summary"":""Canberra is the capital city of Australia. It is where Australia’s national government is based.""}"
Mars,What planet is known as the Red Planet?,Red Planet,"[""Mars"", ""Planet"", ""Astronomy""]",Mars,"""{""title"":""Mars"",""summary"":""Mars is known as the Red Planet because it looks reddish in the sky. The red color comes from iron oxide, or rust, on its surface.""}""
}"
Leonardo da Vinci,Who painted the Mona Lisa?,Mona Lisa,"[""Mona Lisa"", ""Leonardo da Vinci"", ""Italian Renaissance painting""]",Mona Lisa,"{""title"":""Mona Lisa"",""summary"":""The Mona Lisa was painted by Leonardo da Vinci. It is one of the most famous paintings in the world.""}"
7 continents,How many continents are there on Earth?,continents on Earth,"[""Continent"", ""List of continents and continental subregions"", ""Earth""]",Continent,"{""title"":""Continent"",""summary"":""A continent is one of Earth's large land areas. The most commonly taught model says Earth has 7 continents: Africa, Antarctica, Asia, Europe, North America, Australia, and South America.""}"
1945,In what year did World War II end?,World War II end year,"[""World War II"", ""End of World War II in Europe"", ""Surrender of Japan""]",World War II,"{""title"":""World War II"",""summary"":""World War II ended in 1945. The war ended after Germany surrendered in May 1945 and Japan surrendered in September 1945.""}"